[
  {
    "id": "ff26ef33-2c65-4bb1-ba81-a716c70bfdab",
    "data": [
      {
        "text": "o que a skore faz exatamente",
        "userDefined": false
      }
    ],
    "isTemplate": false,
    "count": 0
  },
  {
    "id": "ba6f30fe-0346-4176-8c9c-5b56768a0dbd",
    "data": [
      {
        "text": "preciso de informações da skore",
        "userDefined": false
      }
    ],
    "isTemplate": false,
    "count": 0
  },
  {
    "id": "1ee9a968-bdba-4c7c-9810-141fd05d523a",
    "data": [
      {
        "text": "gostaria de saber mais sobre a skore",
        "userDefined": false
      }
    ],
    "isTemplate": false,
    "count": 0
  },
  {
    "id": "ee6a8da9-4814-467c-901c-5ecfc0f17888",
    "data": [
      {
        "text": "espaço sobre Skore",
        "userDefined": false
      }
    ],
    "isTemplate": false,
    "count": 0
  },
  {
    "id": "49986043-97da-4b15-b65d-aa9995908626",
    "data": [
      {
        "text": "treinamentos  da skore",
        "userDefined": false
      }
    ],
    "isTemplate": false,
    "count": 0
  }
]