[
  {
    "id": "b3a5ad5c-8d89-416e-87a7-23c7c8c23f64",
    "data": [
      {
        "text": "não sei o que fazer",
        "userDefined": false
      }
    ],
    "isTemplate": false,
    "count": 0
  },
  {
    "id": "da2b244c-7f57-4438-a019-a8c493333ac1",
    "data": [
      {
        "text": "quais opções eu tenho para proseguir",
        "userDefined": false
      }
    ],
    "isTemplate": false,
    "count": 0
  },
  {
    "id": "c9eaaea3-ccba-4f2e-82b3-e6c3e049e3bd",
    "data": [
      {
        "text": "você poderia me ajudar",
        "userDefined": false
      }
    ],
    "isTemplate": false,
    "count": 0
  },
  {
    "id": "c302f99b-d579-4306-9b8d-38994b73742b",
    "data": [
      {
        "text": "preciso de ajuda",
        "userDefined": false
      }
    ],
    "isTemplate": false,
    "count": 0
  }
]