[
  {
    "id": "ee0a7855-d33f-4185-887a-b7c22d37b549",
    "data": [
      {
        "text": "quero ",
        "userDefined": false
      },
      {
        "text": "um",
        "meta": "@sys.ignore",
        "userDefined": false
      },
      {
        "text": " emprego",
        "userDefined": false
      }
    ],
    "isTemplate": false,
    "count": 0
  },
  {
    "id": "b3118f26-655d-4ab2-a5fc-43c902a779b0",
    "data": [
      {
        "text": "estou procurando trabalho",
        "userDefined": false
      }
    ],
    "isTemplate": false,
    "count": 0
  },
  {
    "id": "7b6162c0-bd73-4c59-8fa8-6b43de805318",
    "data": [
      {
        "text": "empregos disponiveis",
        "userDefined": false
      }
    ],
    "isTemplate": false,
    "count": 0
  },
  {
    "id": "7b714974-a712-4b56-a03d-7948ac3c989f",
    "data": [
      {
        "text": "quero trabalhar aí",
        "userDefined": false
      }
    ],
    "isTemplate": false,
    "count": 0
  },
  {
    "id": "b27a31d0-6fb6-4f7f-af79-6b8b81141cac",
    "data": [
      {
        "text": "tem alguma vaga aí",
        "userDefined": false
      }
    ],
    "isTemplate": false,
    "count": 0
  },
  {
    "id": "4aa3dee8-fc05-4234-b2ad-79fc5d9b70c8",
    "data": [
      {
        "text": "quero ver as vagas",
        "userDefined": false
      }
    ],
    "isTemplate": false,
    "count": 0
  },
  {
    "id": "ce30bb4c-f67f-49a6-8959-2a08da696b70",
    "data": [
      {
        "text": "lista de vagas",
        "userDefined": false
      }
    ],
    "isTemplate": false,
    "count": 0
  },
  {
    "id": "3b07f853-f89f-483c-9744-bb712b91067e",
    "data": [
      {
        "text": "quais vagas estão em aberto",
        "userDefined": false
      }
    ],
    "isTemplate": false,
    "count": 0
  }
]